ImageName,ID
Hand_0000002.jpg,0
Hand_0000003.jpg,0
Hand_0000004.jpg,0
Hand_0000005.jpg,0
Hand_0000006.jpg,0
Hand_0000007.jpg,0
Hand_0000008.jpg,0
Hand_0000009.jpg,0
Hand_0000010.jpg,0
Hand_0000011.jpg,0
195_IMG_4679.jpg,1
195_IMG_4680.jpg,1
195_IMG_4681.jpg,1
195_IMG_4682.jpg,1
195_IMG_4683.jpg,1
195_IMG_4684.jpg,1
195_IMG_4685.jpg,1
195_IMG_4686.jpg,1
195_IMG_4687.jpg,1
195_IMG_4688.jpg,1
Hand_0000443.jpg,2
Hand_0000444.jpg,2
Hand_0000445.jpg,2
Hand_0000446.jpg,2
Hand_0000447.jpg,2
Hand_0000448.jpg,2
Hand_0000459.jpg,2
Hand_0000460.jpg,2
Hand_0000461.jpg,2
Hand_0000462.jpg,2
197_IMG_4697.jpg,3
197_IMG_4698.jpg,3
197_IMG_4699.jpg,3
197_IMG_4700.jpg,3
197_IMG_4701.jpg,3
197_IMG_4702.jpg,3
197_IMG_4703.jpg,3
197_IMG_4704.jpg,3
197_IMG_4705.jpg,3
197_IMG_4706.jpg,3
Hand_0000673.jpg,4
Hand_0000674.jpg,4
Hand_0000675.jpg,4
Hand_0000676.jpg,4
Hand_0000677.jpg,4
Hand_0000678.jpg,4
Hand_0000679.jpg,4
Hand_0000680.jpg,4
Hand_0000681.jpg,4
Hand_0000682.jpg,4
202_IMG_4742.jpg,5
202_IMG_4743.jpg,5
202_IMG_4744.jpg,5
202_IMG_4745.jpg,5
202_IMG_4746.jpg,5
202_IMG_4747.jpg,5
202_IMG_4748.jpg,5
202_IMG_4749.jpg,5
202_IMG_4750.jpg,5
202_IMG_4751.jpg,5
Hand_0000709.jpg,6
Hand_0000710.jpg,6
Hand_0000711.jpg,6
Hand_0000712.jpg,6
Hand_0000713.jpg,6
Hand_0000714.jpg,6
Hand_0000715.jpg,6
Hand_0000716.jpg,6
Hand_0000717.jpg,6
Hand_0000718.jpg,6
203_IMG_4753.jpg,7
203_IMG_4754.jpg,7
203_IMG_4755.jpg,7
203_IMG_4756.jpg,7
203_IMG_4757.jpg,7
203_IMG_4758.jpg,7
203_IMG_4759.jpg,7
203_IMG_4760.jpg,7
203_IMG_4761.jpg,7
203_IMG_4762.jpg,7
Hand_0000774.jpg,8
Hand_0000775.jpg,8
Hand_0000776.jpg,8
Hand_0000777.jpg,8
Hand_0000778.jpg,8
Hand_0000779.jpg,8
Hand_0000780.jpg,8
Hand_0000781.jpg,8
Hand_0000782.jpg,8
Hand_0000783.jpg,8
204_IMG_4763.jpg,9
204_IMG_4764.jpg,9
204_IMG_4765.jpg,9
204_IMG_4766.jpg,9
204_IMG_4767.jpg,9
204_IMG_4768.jpg,9
204_IMG_4769.jpg,9
204_IMG_4770.jpg,9
204_IMG_4771.jpg,9
204_IMG_4772.jpg,9
Hand_0000895.jpg,10
Hand_0000896.jpg,10
Hand_0000897.jpg,10
Hand_0000898.jpg,10
Hand_0000899.jpg,10
Hand_0000900.jpg,10
Hand_0000901.jpg,10
Hand_0000902.jpg,10
Hand_0000903.jpg,10
Hand_0000904.jpg,10
207_IMG_4800.jpg,11
207_IMG_4801.jpg,11
207_IMG_4802.jpg,11
207_IMG_4803.jpg,11
207_IMG_4804.jpg,11
207_IMG_4805.jpg,11
207_IMG_4806.jpg,11
207_IMG_4807.jpg,11
207_IMG_4808.jpg,11
207_IMG_4809.jpg,11
Hand_0000989.jpg,12
Hand_0000990.jpg,12
Hand_0000991.jpg,12
Hand_0000992.jpg,12
Hand_0000993.jpg,12
Hand_0000994.jpg,12
Hand_0000995.jpg,12
Hand_0000996.jpg,12
Hand_0000997.jpg,12
Hand_0000998.jpg,12
210_IMG_4828.jpg,13
210_IMG_4829.jpg,13
210_IMG_4830.jpg,13
210_IMG_4831.jpg,13
210_IMG_4832.jpg,13
210_IMG_4833.jpg,13
210_IMG_4834.jpg,13
210_IMG_4835.jpg,13
210_IMG_4836.jpg,13
210_IMG_4837.jpg,13
Hand_0001045.jpg,14
Hand_0001046.jpg,14
Hand_0001047.jpg,14
Hand_0001048.jpg,14
Hand_0001049.jpg,14
Hand_0001051.jpg,14
Hand_0001052.jpg,14
Hand_0001053.jpg,14
Hand_0001054.jpg,14
Hand_0001055.jpg,14
212_IMG_2102.jpg,15
212_IMG_2103.jpg,15
212_IMG_2104.jpg,15
212_IMG_2105.jpg,15
212_IMG_2106.jpg,15
212_IMG_2107.jpg,15
212_IMG_2108.jpg,15
212_IMG_2109.jpg,15
212_IMG_2110.jpg,15
212_IMG_2111.jpg,15
Hand_0001091.jpg,16
Hand_0001092.jpg,16
Hand_0001093.jpg,16
Hand_0001094.jpg,16
Hand_0001095.jpg,16
Hand_0001096.jpg,16
Hand_0001097.jpg,16
Hand_0001098.jpg,16
Hand_0001099.jpg,16
Hand_0001111.jpg,16
215_IMG_2139.jpg,17
215_IMG_2140.jpg,17
215_IMG_2141.jpg,17
215_IMG_2142.jpg,17
215_IMG_2143.jpg,17
215_IMG_2144.jpg,17
215_IMG_2145.jpg,17
215_IMG_2146.jpg,17
215_IMG_2147.jpg,17
215_IMG_2148.jpg,17
Hand_0001201.jpg,18
Hand_0001202.jpg,18
Hand_0001203.jpg,18
Hand_0001204.jpg,18
Hand_0001205.jpg,18
Hand_0001206.jpg,18
Hand_0001207.jpg,18
Hand_0001209.jpg,18
Hand_0001210.jpg,18
Hand_0001211.jpg,18
216_IMG_2149.jpg,19
216_IMG_2150.jpg,19
216_IMG_2151.jpg,19
216_IMG_2152.jpg,19
216_IMG_2153.jpg,19
216_IMG_2154.jpg,19
216_IMG_2155.jpg,19
216_IMG_2156.jpg,19
216_IMG_2157.jpg,19
216_IMG_2158.jpg,19
Hand_0001281.jpg,20
Hand_0001282.jpg,20
Hand_0001283.jpg,20
Hand_0001284.jpg,20
Hand_0001285.jpg,20
Hand_0001286.jpg,20
Hand_0001308.jpg,20
Hand_0001309.jpg,20
Hand_0001310.jpg,20
Hand_0001311.jpg,20
217_IMG_2163.jpg,21
217_IMG_2164.jpg,21
217_IMG_2165.jpg,21
217_IMG_2166.jpg,21
217_IMG_2167.jpg,21
217_IMG_2168.jpg,21
217_IMG_2169.jpg,21
217_IMG_2170.jpg,21
217_IMG_2171.jpg,21
217_IMG_2172.jpg,21
Hand_0001374.jpg,22
Hand_0001375.jpg,22
Hand_0001376.jpg,22
Hand_0001377.jpg,22
Hand_0001378.jpg,22
Hand_0001379.jpg,22
Hand_0001380.jpg,22
Hand_0001381.jpg,22
Hand_0001382.jpg,22
Hand_0001383.jpg,22
218_IMG_2176.jpg,23
218_IMG_2177.jpg,23
218_IMG_2178.jpg,23
218_IMG_2179.jpg,23
218_IMG_2180.jpg,23
218_IMG_2181.jpg,23
218_IMG_2182.jpg,23
218_IMG_2183.jpg,23
218_IMG_2184.jpg,23
218_IMG_2185.jpg,23
Hand_0001512.jpg,24
Hand_0001513.jpg,24
Hand_0001514.jpg,24
Hand_0001515.jpg,24
Hand_0001516.jpg,24
Hand_0001517.jpg,24
Hand_0001518.jpg,24
Hand_0001519.jpg,24
Hand_0001520.jpg,24
Hand_0001521.jpg,24
219_IMG_2189.jpg,25
219_IMG_2190.jpg,25
219_IMG_2191.jpg,25
219_IMG_2192.jpg,25
219_IMG_2193.jpg,25
219_IMG_2194.jpg,25
219_IMG_2195.jpg,25
219_IMG_2196.jpg,25
219_IMG_2197.jpg,25
219_IMG_2198.jpg,25
Hand_0001675.jpg,26
Hand_0001676.jpg,26
Hand_0001677.jpg,26
Hand_0001678.jpg,26
Hand_0001679.jpg,26
Hand_0001680.jpg,26
Hand_0001689.jpg,26
Hand_0001690.jpg,26
Hand_0001691.jpg,26
Hand_0001692.jpg,26
220_IMG_2200.jpg,27
220_IMG_2201.jpg,27
220_IMG_2202.jpg,27
220_IMG_2203.jpg,27
220_IMG_2204.jpg,27
220_IMG_2205.jpg,27
220_IMG_2206.jpg,27
220_IMG_2207.jpg,27
220_IMG_2208.jpg,27
220_IMG_2209.jpg,27
Hand_0001715.jpg,28
Hand_0001716.jpg,28
Hand_0001717.jpg,28
Hand_0001718.jpg,28
Hand_0001719.jpg,28
Hand_0001720.jpg,28
Hand_0001721.jpg,28
Hand_0001722.jpg,28
Hand_0001723.jpg,28
Hand_0001724.jpg,28
231_IMG_2292.jpg,29
231_IMG_2293.jpg,29
231_IMG_2294.jpg,29
231_IMG_2295.jpg,29
231_IMG_2296.jpg,29
231_IMG_2297.jpg,29
231_IMG_2298.jpg,29
231_IMG_2299.jpg,29
231_IMG_2300.jpg,29
231_IMG_2301.jpg,29
